Código;Formato;Descripción;Serie;Familia;ud venta;cod vta 2026;Piezas Por Caja;Piezas Por Metro;Piezas Por Palet;Cajas Por Palet;Metros Por Caja;Metros Por Palet;Kilos Por Caja;Kilos Por Pallet
187328;250250;SHAPES WHITE 25X25;SHAPES;PICCOLA;m2;M914;16;16;960;60;1;60;15,52;931,2
187346;250250;MULTISHAPES WHITE 25X25;SHAPES;PICCOLA;m2;M947;8;16;480;60;0,5;30;9,01;540,6
187347;250250;MULTISHAPES BLACK 25X25;SHAPES;PICCOLA;m2;M947;8;16;480;60;0,5;30;8,73;523,8
187525;600600;FANCY WHITE 60X60;FANCY;CEMENT&STONE;m2;M925;4;2,7778;120;30;1,4399;43,1999;32,68;980,4
187527;600600;FANCY GREY 60X60;FANCY;CEMENT&STONE;m2;M925;4;2,7778;120;30;1,4399;43,1999;32,68;980,4
187529;6001200;FANCY WHITE 60X120;FANCY;CEMENT&STONE;m2;M935;2;1,3889;64;32;1,4399;46,0799;32;1024
187531;6001200;FANCY GREY 60X120;FANCY;CEMENT&STONE;m2;M935;2;1,3889;64;32;1,4399;46,0799;32;1024
187546;250250;STRIPES MIX TEAK 25X25;STRIPES;PICCOLA;m2;M960;14;16;840;60;0,875;52,5;13,72;823,2
187547;250250;STRIPES MIX BAMBOO 25X25;STRIPES;PICCOLA;m2;M960;14;16;840;60;0,875;52,5;13,72;823,2
187558;250250;STRIPES MIX GLACIER 25X25;STRIPES;PICCOLA;m2;M963;14;16;840;60;0,875;52,5;13,72;823,2
187559;250250;STRIPES MIX MERCURY 25X25;STRIPES;PICCOLA;m2;M963;14;16;840;60;0,875;52,5;13,72;823,2
187562;250250;STRIPES MIX LINEN 25X25;STRIPES;PICCOLA;m2;M960;14;16;840;60;0,875;52,5;13,72;823,2
187563;250250;STRIPES MIX DENIM 25X25;STRIPES;PICCOLA;m2;M960;14;16;840;60;0,875;52,5;13,72;823,2
187650;600600;EMPORIO NATURAL 60X60;EMPORIO;CEMENT&STONE;m2;M925;3;2,7778;120;40;1,0799;43,1999;21;840
187728;6001200;DIURNE OXIDE 60X120;OXYDE;CEMENT&STONE;m2;M938;2;1,3889;80;40;1,4399;57,5999;28,5;1140
187773;200200;DIURNE OXIDE PLATE 20X20;OXYDE;CEMENT&STONE;m2;M945;12;25;1344;112;0,48;53,76;9,6;1075,2
187949;300900;SELENE LIGHT 30X90;SELENE;MARBLE;m2;M924;4;3,7037;192;48;1,08;51,84;20,4;979,2
187950;300900;SELENE SKY 30X90;SELENE;MARBLE;m2;M924;4;3,7037;192;48;1,08;51,84;20,4;979,2
187971;900900;SELENE LIGHT 90X90;SELENE;MARBLE;m2;M965;1;1,2346;80;80;0,8099;64,7999;18;1440
187972;900900;SELENE DARK 90X90;SELENE;MARBLE;m2;M965;1;1,2346;80;80;0,8099;64,7999;18;1440
188008;6001200;JUST WHITE GLOSS 60X120;JUST WHITE;CEMENT&STONE;m2;M949;2;1,3889;80;40;1,4399;57,5999;32,5;1300
188009;6001200;JUST WHITE MATT 60X120;JUST WHITE;CEMENT&STONE;m2;M935;2;1,3889;80;40;1,4399;57,5999;28,5;1140
188025;200200;SAUDADE BERMELLON 20X20;SAUDADE;PICCOLA;m2;M921;14;25;1568;112;0,56;62,72;11,55;1293,6
188045;147147;BERLIN FLAMINGO GLOSSY 14,7X14,7;BERLIN;PICCOLA;m2;M926;44;46,28;3080;70;0,9507;66,5514;15,4;1078
188046;147147;BERLIN AQUAMAR GLOSSY 14,7X14,7;BERLIN;PICCOLA;m2;M926;44;46,28;3080;70;0,9507;66,5514;15,4;1078
188048;147147;MARINA 14,7X14,7;BERLIN;PICCOLA;m2;M928;44;46,28;3080;70;0,9507;66,5514;16,28;1139,6
188049;147147;NUDE 14,7X14,7;BERLIN;PICCOLA;m2;M928;44;46,28;3080;70;0,9507;66,5514;15,4;1078
188061;147147;BERLIN WHITE MATT 14,7X14,7;BERLIN;PICCOLA;m2;M926;44;46,28;3080;70;0,9507;66,5514;15,4;1078
188066;147147;BERLIN AQUAMAR MATT 14,7X14,7;BERLIN;PICCOLA;m2;M926;44;46,28;3080;70;0,9507;66,5514;15,4;1078
188069;215250;BERLIN EXA BONE MATT 21,5X25;BERLIN;PICCOLA;m2;M932;24;24,69;1536;64;0,972;62,2114;18,72;1198,08
188071;215250;BERLIN EXA AQUAMAR MATT 21,5X25;BERLIN;PICCOLA;m2;M932;24;24,69;1536;64;0,972;62,2114;18,72;1198,08
188072;215250;BERLIN EXA GRAPHITE MATT 21,5X25;BERLIN;PICCOLA;m2;M932;24;24,69;1536;64;0,972;62,2114;18,72;1198,08
188075;147147;BAMBU 14,7X14,7;BERLIN;PICCOLA;m2;M928;44;46,28;3080;70;0,9507;66,5514;15,4;1078
188200;600600;CALACATTA SUPERWHITE SATIN 60X60;CALACATTA LUX;MARBLE;m2;M925;3;2,7778;120;40;1,0799;43,1999;21,23;849,2
188203;900900;CREMABELLA 90X90;CREMABELLA;MARBLE;m2;M965;1;1,2346;80;80;0,8099;64,7999;18;1440
188204;900900;CALACATTA SUPERWHITE 90X90;CALACATTA LUX;MARBLE;m2;M965;1;1,2346;80;80;0,8099;64,7999;18;1440
188205;900900;SELENE CAPPUCCINO 90X90;SELENE;MARBLE;m2;M965;1;1,2346;80;80;0,8099;64,7999;18;1440
188206;600600;CALACATTA SUPERWHITE 60X60;CALACATTA LUX;MARBLE;m2;M927;3;2,7778;120;40;1,0799;43,1999;21,78;871,2
188223;6001200;CALACATTA SUPERWHITE 60X120;CALACATTA LUX;MARBLE;m2;M940;2;1,3889;66;33;1,4399;47,5199;29,28;966,24
188247;150150;TABARCA MIEL 15X15;TABARCA;PICCOLA;m2;M894;40;44,44;2400;60;0,9;54,0054;13,2;792
188248;150150;TABARCA MARINO 15X15;TABARCA;PICCOLA;m2;M894;40;44,44;2400;60;0,9;54,0054;13,2;792
188250;150150;TABARCA CIELO 15X15;TABARCA;PICCOLA;m2;M894;40;44,44;2400;60;0,9;54,0054;13,2;792
188251;150150;TABARCA VERDE 15X15;TABARCA;PICCOLA;m2;M894;40;44,44;2400;60;0,9;54,0054;13,2;792
188252;150150;TABARCA GRANATE 15X15;TABARCA;PICCOLA;m2;M894;40;44,44;2400;60;0,9;54,0054;13,2;792
188253;150150;TABARCA BLANCO MATE 15X15;TABARCA;PICCOLA;m2;M894;40;44,44;2400;60;0,9;54,0054;13,2;792
188254;75230;TABARCA BLANCO 7,5X23;TABARCA;PICCOLA;m2;M917;28;57,971;3360;120;0,4829;57,9599;7;840
188255;75230;TABARCA ROSA 7,5X23;TABARCA;PICCOLA;m2;M917;28;57,971;3360;120;0,4829;57,9599;7;840
188256;75230;TABARCA MIEL 7,5X23;TABARCA;PICCOLA;m2;M917;28;57,971;3360;120;0,4829;57,9599;7;840
188257;75230;TABARCA MARINO 7,5X23;TABARCA;PICCOLA;m2;M917;28;57,971;3360;120;0,4829;57,9599;7;840
188258;75230;TABARCA TURQUESA 7,5X23;TABARCA;PICCOLA;m2;M917;28;57,971;3360;120;0,4829;57,9599;7;840
188259;75230;TABARCA CIELO 7,5X23;TABARCA;PICCOLA;m2;M917;28;57,971;3360;120;0,4829;57,9599;7;840
188260;75230;TABARCA VERDE 7,5X23;TABARCA;PICCOLA;m2;M917;28;57,971;3360;120;0,4829;57,9599;7;840
188261;75230;TABARCA GRANATE 7,5X23;TABARCA;PICCOLA;m2;M917;28;57,971;3360;120;0,4829;57,9599;7;840
188262;75230;TABARCA BLANCO MATE 7,5X23;TABARCA;PICCOLA;m2;M917;28;57,971;3360;120;0,4829;57,9599;7;840
188270;215250;CHICAGO EXA WHITE COTTON 21,5X25;CHICAGO;PICCOLA;m2;M932;24;24,69;1536;64;0,972;62,2114;18,72;1198,08
188271;215250;CHICAGO EXA GINGER 21,5X25;CHICAGO;PICCOLA;m2;M932;24;24,69;1536;64;0,972;62,2114;18,72;1198,08
188272;215250;CHICAGO EXA OCEAN 21,5X25;CHICAGO;PICCOLA;m2;M932;24;24,69;1536;64;0,972;62,2114;18,72;1198,08
188273;215250;CHICAGO EXA CHARCOAL 21,5X25;CHICAGO;PICCOLA;m2;M932;24;24,69;1536;64;0,972;62,2114;18,72;1198,08
188275;215250;CHICAGO EXA OLIVE 21,5X25;CHICAGO;PICCOLA;m2;M932;24;24,69;1536;64;0,972;62,2114;18,72;1198,08
188284;1761235;MULTI NOGAL CLARO 12,5/17,8/22,5X123,5;MULTINOGAL;CLICK&FLOOR;m2;M943;12;4,6007;528;44;2,6083;114,766;22;968
188285;1761235;MULTI NOGAL OSCURO 12,5/17,8/22,5X123,5;MULTINOGAL;CLICK&FLOOR;m2;M943;12;4,6007;528;44;2,6083;114,766;22;968
188286;2251532;SIERRA NATURAL 22.5X153.2;SIERRA;CLICK&FLOOR;m2;M943;7;2,9011;336;48;2,4128;115,8191;20,3;974,4
188288;2251532;SIERRA GRIS 22.5X153.2;SIERRA;CLICK&FLOOR;m2;M943;7;2,9011;336;48;2,4128;115,8191;20,3;974,4
188289;2251532;SIERRA CARBON 22.5X153.2;SIERRA;CLICK&FLOOR;m2;M943;7;2,9011;336;48;2,4128;115,8191;20,3;974,4
188290;2281842;ROBLE MIEL 22.8X184.2;ROBLE;CLICK&FLOOR;m2;M943;5;2,3811;300;60;2,0998;125,9928;17,5;1050
188291;2281842;ROBLE TOSTADO 22.8X184.2;ROBLE;CLICK&FLOOR;m2;M943;5;2,3811;300;60;2,0998;125,9928;17,5;1050
188292;2281842;ROBLE GRIS 22.8X184.2;ROBLE;CLICK&FLOOR;m2;M943;5;2,3811;300;60;2,0998;125,9928;17,5;1050
188293;2281842;ROBLE NATURAL 22.8X184.2;ROBLE;CLICK&FLOOR;m2;M943;5;2,3811;300;60;2,0998;125,9928;17,5;1050
188311;900900;SELENE LIGHT SATIN 90X90;SELENE;MARBLE;m2;M930;1;1,2346;80;80;0,8099;64,7999;18;1440
188312;900900;CALACATTA SUPERWHITE SATIN 90X90;CALACATTA LUX;MARBLE;m2;M930;1;1,2346;80;80;0,8099;64,7999;18;1440
188313;900900;CREMABELLA SATIN 90X90;CREMABELLA;MARBLE;m2;M930;1;1,2346;80;80;0,8099;64,7999;18;1440
188338;215250;TERRAZO 21,5X25;CHICAGO;PICCOLA;m2;M929;24;24,69;1536;64;0,972;62,2114;18,72;1198,08
188452;6001200;CARONTE 60X120;THEIA&CARONTE;MARBLE;m2;M965;2;1,3889;66;33;1,4399;47,5199;29,28;966,24
188479;200200;TURIA 20X20;VALENCIA;PICCOLA;m2;M923;14;25;1568;112;0,56;62,72;11,55;1293,6
188502;200200;MUSTARD 20X20;DORIA;PICCOLA;m2;M921;14;25;1568;112;0,56;62,72;11,55;1293,6
188504;200200;GREY 20X20;DORIA;PICCOLA;m2;M921;14;25;1568;112;0,56;62,72;11,55;1293,6
188574;147147;AGADIR NIEBLA 14,7X14,7;AGADIR;PICCOLA;m2;M926;44;46,28;3080;70;0,9507;66,5514;15,4;1078
188575;147147;AGADIR SELVA 14,7X14,7;AGADIR;PICCOLA;m2;M926;44;46,28;3080;70;0,9507;66,5514;15,4;1078
188576;147147;AGADIR AGUA 14,7X14,7;AGADIR;PICCOLA;m2;M926;44;46,28;3080;70;0,9507;66,5514;15,4;1078
188577;147147;AGADIR LAGO 14,7X14,7;AGADIR;PICCOLA;m2;M926;44;46,28;3080;70;0,9507;66,5514;15,4;1078
188578;147147;AGADIR PIEDRA 14,7X14,7;AGADIR;PICCOLA;m2;M926;44;46,28;3080;70;0,9507;66,5514;15,4;1078
188579;147147;AGADIR COTTO CLARO MATE 14,7X14,7;AGADIR;PICCOLA;m2;M926;44;46,28;3080;70;0,9507;66,5514;15,4;1078
188580;147147;AGADIR COTTO OSCURO MATE 14,7X14,7;AGADIR;PICCOLA;m2;M926;44;46,28;3080;70;0,9507;66,5514;15,4;1078
188581;6001200;MAGNET FROZEN-LAP 60X120;MAGNET;CEMENT&STONE;m2;M941;2;1,3889;66;33;1,4399;47,5199;29,28;966,24
188582;6001200;MAGNET ARGENT-LAP 60X120;MAGNET;CEMENT&STONE;m2;M941;2;1,3889;66;33;1,4399;47,5199;29,28;966,24
188583;6001200;MAGNET MINT-LAP 60X120;MAGNET;CEMENT&STONE;m2;M941;2;1,3889;66;33;1,4399;47,5199;29,28;966,24
188584;6001200;MAGNET PETROL-LAP 60X120;MAGNET;CEMENT&STONE;m2;M941;2;1,3889;66;33;1,4399;47,5199;29,28;966,24
188585;6001200;MAGNET COPPER-LAP 60X120;MAGNET;CEMENT&STONE;m2;M941;2;1,3889;66;33;1,4399;47,5199;29,28;966,24
188593;150170;MAGNET EXA MINT 15X17;MAGNET;CEMENT&STONE;m2;M946;26;51,85;2730;105;0,5014;52,6518;9,13;958,65
188596;150170;MAGNET TROPIC MINT 15X17;MAGNET;CEMENT&STONE;m2;M947;26;51,85;2730;105;0,5014;52,6518;9,2;966
188634;900900;AMAZONITE 90X90;AMAZONITE;MARBLE;m2;M965;1;1,2346;80;80;0,8099;64,7999;18;1440
188642;6001200;AMAZONITE 60X120;AMAZONITE;MARBLE;m2;M940;2;1,3889;66;33;1,4399;47,5199;29,28;966,24
188643;6001200;AMAZONITE PEARL 60X120;AMAZONITE;MARBLE;m2;M940;2;1,3889;66;33;1,4399;47,5199;29,28;966,24
188646;6001200;AMAZONITE PEARL SATIN 60X120;AMAZONITE;MARBLE;m2;M930;2;1,3889;66;33;1,4399;47,5199;29,28;966,24
188675;75300;FLAT GREY MATT 7.5X30;FLAT;PICCOLA;m2;M874;22;44,4444;2750;125;0,4949;61,8749;7,92;990
188676;75300;FLAT SAND MATT 7.5X30;FLAT;PICCOLA;m2;M874;22;44,4444;2750;125;0,4949;61,8749;7,92;990
188677;75300;FLAT MUSTARD MATT 7.5X30;FLAT;PICCOLA;m2;M874;22;44,4444;2750;125;0,4949;61,8749;7,92;990
188678;75300;FLAT DUSTY PINK MATT 7.5X30;FLAT;PICCOLA;m2;M874;22;44,4444;2750;125;0,4949;61,8749;7,92;990
188679;75300;FLAT ANISE GREEN MATT 7.5X30;FLAT;PICCOLA;m2;M874;22;44,4444;2750;125;0,4949;61,8749;7,92;990
188680;75300;FLAT SKY MATT 7.5X30;FLAT;PICCOLA;m2;M874;22;44,4444;2750;125;0,4949;61,8749;7,92;990
188681;75300;FLAT GARNET MATT 7.5X30;FLAT;PICCOLA;m2;M874;22;44,4444;2750;125;0,4949;61,8749;7,92;990
188682;75300;FLAT FOREST MATT 7.5X30;FLAT;PICCOLA;m2;M874;22;44,4444;2750;125;0,4949;61,8749;7,92;990
188683;75300;FLAT INDIGO MATT 7.5X30;FLAT;PICCOLA;m2;M874;22;44,4444;2750;125;0,4949;61,8749;7,92;990
188684;150170;EXA WHITE 15X17;EXA;PICCOLA;m2;M946;26;51,85;2730;105;0,5014;52,6518;9,13;958,65
188686;150170;EXA BLACK 15X17;EXA;PICCOLA;m2;M946;26;51,85;2730;105;0,5014;52,6518;9,13;958,65
188688;150170;EXA GARNET 15X17;EXA;PICCOLA;m2;M946;26;51,85;2730;105;0,5014;52,6518;9,13;958,65
188696;200200;CANTERBURY 20X20;MINTONS;PICCOLA;m2;M926;14;25;1568;112;0,56;62,72;11,55;1293,6
188704;75300;ALTEA SEDA 7.5X30;ALTEA;PICCOLA;m2;M893;22;44,4444;2750;125;0,4949;61,8749;7,92;990
188705;75300;ALTEA CORAL 7.5X30;ALTEA;PICCOLA;m2;M893;22;44,4444;2750;125;0,4949;61,8749;7,92;990
188706;75300;ALTEA ANIS 7.5X30;ALTEA;PICCOLA;m2;M893;22;44,4444;2750;125;0,4949;61,8749;7,92;990
188707;75300;ALTEA PERLA 7.5X30;ALTEA;PICCOLA;m2;M893;22;44,4444;2750;125;0,4949;61,8749;7,92;990
188708;75300;ALTEA TALCO 7.5X30;ALTEA;PICCOLA;m2;M893;22;44,4444;2750;125;0,4949;61,8749;7,92;990
188709;75300;ALTEA AQUA 7.5X30;ALTEA;PICCOLA;m2;M893;22;44,4444;2750;125;0,4949;61,8749;7,92;990
188710;75300;ALTEA AZULADO 7.5X30;ALTEA;PICCOLA;m2;M893;22;44,4444;2750;125;0,4949;61,8749;7,92;990
188711;75300;ALTEA CELESTE 7.5X30;ALTEA;PICCOLA;m2;M893;22;44,4444;2750;125;0,4949;61,8749;7,92;990
188739;900900;SELENE GREY 90X90;SELENE;MARBLE;m2;M965;1;1,2346;80;80;0,8099;64,7999;18;1440
188768;6001200;SELENE DARK 60X120;SELENE;MARBLE;m2;M940;2;1,3889;66;33;1,4399;47,5199;29,28;966,24
188769;6001200;SELENE CAPPUCCINO 60X120;SELENE;MARBLE;m2;M940;2;1,3889;66;33;1,4399;47,5199;29,28;966,24
188776;12001200;SELENE CAPPUCCINO 120X120;SELENE;MARBLE;m2;M968;1;0,6944;40;40;1,44;57,6;31,3;1252
188777;12001200;SELENE LIGHT 120X120;SELENE;MARBLE;m2;M968;1;0,6944;40;40;1,44;57,6;31,3;1252
188791;6001200;SELENE LIGHT 60X120;SELENE;MARBLE;m2;M940;2;1,3889;66;33;1,4399;47,5199;29,28;966,24
188793;6001200;SELENE GREY 60X120;SELENE;MARBLE;m2;M940;2;1,3889;66;33;1,4399;47,5199;29,28;966,24
188799;900900;PIETRASANTA DARK GREY MATT POLISHED 90X90;PIETRASANTA;CEMENT&STONE;m2;M941;1;1,2346;80;80;0,8099;64,7999;18;1440
188800;900900;PIETRASANTA DARK GREY ANTI-SLIP 90X90;PIETRASANTA;CEMENT&STONE;m2;M930;1;1,2346;80;80;0,8099;64,7999;18;1440
188801;900900;PIETRASANTA LIGHT GREY MATT POLISHED 90X90;PIETRASANTA;CEMENT&STONE;m2;M941;1;1,2346;80;80;0,8099;64,7999;18;1440
188802;900900;PIETRASANTA LIGHT GREY ANTI-SLIP 90X90;PIETRASANTA;CEMENT&STONE;m2;M930;1;1,2346;80;80;0,8099;64,7999;18;1440
188803;900900;PIETRASANTA IVORY MATT POLISHED 90X90;PIETRASANTA;CEMENT&STONE;m2;M941;1;1,2346;80;80;0,8099;64,7999;18;1440
188804;900900;PIETRASANTA IVORY ANTI-SLIP 90X90;PIETRASANTA;CEMENT&STONE;m2;M930;1;1,2346;80;80;0,8099;64,7999;16,8;1344
188805;450900;PIETRASANTA DARK GREY MATT POLISHED 45X90;PIETRASANTA;CEMENT&STONE;m2;M941;2;2,4691;90;45;0,81;36,45;19,5;877,5
188806;450900;PIETRASANTA DARK GREY ANTI-SLIP 45X90;PIETRASANTA;CEMENT&STONE;m2;M930;2;2,4691;90;45;0,81;36,45;19,5;877,5
188807;450900;PIETRASANTA LIGHT GREY MATT POLISHED 45X90;PIETRASANTA;CEMENT&STONE;m2;M941;2;2,4691;90;45;0,81;36,45;19,5;877,5
188808;450900;PIETRASANTA LIGHT GREY ANTI-SLIP 45X90;PIETRASANTA;CEMENT&STONE;m2;M930;2;2,4691;90;45;0,81;36,45;19,5;877,5
188809;450900;PIETRASANTA IVORY MATT POLISHED 45X90;PIETRASANTA;CEMENT&STONE;m2;M941;2;2,4691;90;45;0,81;36,45;19,5;877,5
188810;450900;PIETRASANTA IVORY ANTI-SLIP 45X90;PIETRASANTA;CEMENT&STONE;m2;M930;2;2,4691;90;45;0,81;36,45;19,5;877,5
188824;147147;TAHITI EMERALD ANTI-SLIP 14,7X14,7;TAHITI;PICCOLA;m2;M937;44;46,28;3080;70;0,9507;66,5514;15,4;1078
188825;147147;TAHITI TURQUOISE ANTI-SLIP 14,7X14,7;TAHITI;PICCOLA;m2;M937;44;46,28;3080;70;0,9507;66,5514;15,22;1065,4
188826;147147;TAHITI EMERALD GLOSSY 14,7X14,7;TAHITI;PICCOLA;m2;M967;44;46,28;3080;70;0,9507;66,5514;15,4;1078
188827;147147;TAHITI TURQUOISE GLOSSY 14,7X14,7;TAHITI;PICCOLA;m2;M967;44;46,28;3080;70;0,9507;66,5514;15,4;1078
188833;70280;PIETRASANTA DARK GREY 7X28;PIETRASANTA;CEMENT&STONE;m2;M926;26;51,0204;3744;144;0,5096;73,3824;9,62;1385,28
188834;1781532;FORESTA CANELA 17.8X153.2;FORESTA;CLICK&FLOOR;m2;M934;12;3,6671;420;35;3,2723;114,5323;24,24;848,4
188835;1781532;FORESTA NATURAL 17.8X153.2;FORESTA;CLICK&FLOOR;m2;M934;12;3,6671;420;35;3,2723;114,5323;24,24;848,4
188836;1781532;FORESTA CENIZA 17.8X153.2;FORESTA;CLICK&FLOOR;m2;M934;12;3,6671;420;35;3,2723;114,5323;24,24;848,4
188837;2301842;ROBLE ULTRAMATT CAOBA 23X184.2;ROBLE ULTRAMATT;CLICK&FLOOR;m2;M943;6;2,3604;288;48;2,5419;122,014;21,4;1027,2
188838;2301842;ROBLE ULTRAMATT NUEZ 23X184.2;ROBLE ULTRAMATT;CLICK&FLOOR;m2;M943;6;2,3604;288;48;2,5419;122,014;21,4;1027,2
188839;2301842;ROBLE ULTRAMATT VISON 23X184.2;ROBLE ULTRAMATT;CLICK&FLOOR;m2;M943;6;2,3604;288;48;2,5419;122,014;21,4;1027,2
188859;115231;KIT-KAT MOSAIC WATER GLOSSY 11,5X23,1;KIT-KAT;PICCOLA;m2;M970;24;37,6435;2304;96;0,6375;61,2057;10,94;1050,24
188860;115231;KIT-KAT MOSAIC OCEAN GLOSSY 11,5X23,1;KIT-KAT;PICCOLA;m2;M970;24;37,6435;2304;96;0,6375;61,2057;10,94;1050,24
188861;115231;KIT-KAT MOSAIC GRASS GLOSSY 11,5X23,1;KIT-KAT;PICCOLA;m2;M970;24;37,6435;2304;96;0,6375;61,2057;10,94;1050,24
188862;115231;KIT-KAT MOSAIC SNOW GLOSSY 11,5X23,1;KIT-KAT;PICCOLA;m2;M970;24;37,6435;2304;96;0,6375;61,2057;10,94;1050,24
188916;115231;KIT-KAT MOSAIC IVORY GLOSSY 11,5X23,1;KIT-KAT;PICCOLA;m2;M970;24;37,6435;2304;96;0,6375;61,2057;10,94;1050,24
188985;147147;BALI NEGRO ANTI-SLIP 14,7X14,7;BALI;PICCOLA;m2;M937;44;46,28;3080;70;0,9507;66,5514;15,4;1078
188986;147147;BALI AZUL ANTI-SLIP 14,7X14,7;BALI;PICCOLA;m2;M937;44;46,28;3080;70;0,9507;66,5514;15,4;1078
188987;147147;BALI VERDE ANTI-SLIP 14,7X14,7;BALI;PICCOLA;m2;M937;44;46,28;3080;70;0,9507;66,5514;15,4;1078
188991;6001200;ARDESIA MULTICOLORE 60X120;ARDESIA;CEMENT&STONE;m2;M933;2;1,3889;66;33;1,4399;47,5199;30,2;996,6
188992;600600;ARDESIA MULTICOLORE 60X60;ARDESIA;CEMENT&STONE;m2;M895;3;2,7778;120;40;1,0799;43,1999;21;840
188993;300600;ARDESIA MULTICOLORE 30X60;ARDESIA;CEMENT&STONE;m2;M895;6;5,5556;288;48;1,0799;51,8399;21;1008
188994;6001200;ARDESIA CHIARA 60X120;ARDESIA;CEMENT&STONE;m2;M933;2;1,3889;66;33;1,4399;47,5199;30,2;996,6
188995;600600;ARDESIA CHIARA 60X60;ARDESIA;CEMENT&STONE;m2;M895;3;2,7778;120;40;1,0799;43,1999;21;840
188996;300600;ARDESIA CHIARA 30X60;ARDESIA;CEMENT&STONE;m2;M895;6;5,5556;288;48;1,0799;51,8399;21;1008
188997;6001200;PIETRA VIVA BONE 60X120;PIETRA VIVA;CEMENT&STONE;m2;M933;2;1,3889;66;33;1,4399;47,5199;30,2;996,6
188998;6001200;PIETRA VIVA TAUPE 60X120;PIETRA VIVA;CEMENT&STONE;m2;M933;2;1,3889;66;33;1,4399;47,5199;30,2;996,6
188999;6001200;PIETRA VIVA GREY 60X120;PIETRA VIVA;CEMENT&STONE;m2;M933;2;1,3889;66;33;1,4399;47,5199;30,2;996,6
189000;900900;PIETRA VIVA BONE 90X90;PIETRA VIVA;CEMENT&STONE;m2;M933;1;1,2346;80;80;0,8099;64,7999;18,5;1480
189001;900900;PIETRA VIVA TAUPE 90X90;PIETRA VIVA;CEMENT&STONE;m2;M933;1;1,2346;80;80;0,8099;64,7999;18,5;1480
189002;900900;PIETRA VIVA GREY 90X90;PIETRA VIVA;CEMENT&STONE;m2;M933;1;1,2346;80;80;0,8099;64,7999;18,5;1480
189003;2201200;QUERCUS BETULLA 22X120;QUERCUS;CEMENT&STONE;m2;M782;6;3,7879;180;30;1,5839;47,5199;25,8;774
189004;2201200;QUERCUS NATURALE 22X120;QUERCUS;CEMENT&STONE;m2;M782;6;3,7879;180;30;1,5839;47,5199;25,8;774
189005;2201200;QUERCUS MIELE 22X120;QUERCUS;CEMENT&STONE;m2;M782;6;3,7879;180;30;1,5839;47,5199;25,8;774
189006;2201200;QUERCUS ANTICO 22X120;QUERCUS;CEMENT&STONE;m2;M782;6;3,7879;180;30;1,5839;47,5199;25,8;774
189007;2201200;QUERCUS NOCE 22X120;QUERCUS;CEMENT&STONE;m2;M782;6;3,7879;180;30;1,5839;47,5199;25,8;774
189008;12001200;PIETRA VIVA BONE 120X120;PIETRA VIVA;CEMENT&STONE;m2;M939;1;0,6944;40;40;1,44;57,6;32;1280
189009;12001200;PIETRA VIVA TAUPE 120X120;PIETRA VIVA;CEMENT&STONE;m2;M939;1;0,6944;40;40;1,44;57,6;32;1280
189010;12001200;PIETRA VIVA GREY 120X120;PIETRA VIVA;CEMENT&STONE;m2;M939;1;0,6944;40;40;1,44;57,6;32;1280
189020;2301842;ROBLE ULTRAMATT NATURAL 23X184.2;ROBLE ULTRAMATT;CLICK&FLOOR;m2;M943;6;2,3604;288;48;2,5419;122,014;21,4;1027,2
189021;2281524;ROVERE NATURALE 22.8X152.4;ROVERE;CLICK&FLOOR;m2;M943;7;2,8779;364;52;2,4323;126,4798;20,51;1066,52
189022;2281524;ROVERE MIELE 22.8X152.4;ROVERE;CLICK&FLOOR;m2;M943;7;2,8779;364;52;2,4323;126,4798;20,51;1066,52
189023;2281524;ROVERE TOSTATO 22.8X152.4;ROVERE;CLICK&FLOOR;m2;M943;7;2,8779;364;52;2,4323;126,4798;20,51;1066,52
189027;147147;FLORA LAPIS 14,7X14,7;FLORA LAPIS;PICCOLA;m2;M967;44;46,28;3080;70;0,9507;66,5514;17,12;1198,4
189028;147147;ARDESIA MULTICOLORE ANTI-SLIP 14,7X14,7;ARDESIA;CEMENT&STONE;m2;M937;44;46,28;3080;70;0,9507;66,5514;15,4;1078
189029;147147;ARDESIA CHIARA ANTI-SLIP 14,7X14,7;ARDESIA;CEMENT&STONE;m2;M937;44;46,28;3080;70;0,9507;66,5514;15,4;1078
189048;64223;MIJARAN BLANCO 6,4X22,3;MIJARAN;PICCOLA;m2;M950;32;70,0673;4992;156;0,4567;71,2458;8,74;1363,44
189049;64223;MIJARAN AZUL 6,4X22,3;MIJARAN;PICCOLA;m2;M950;32;70,0673;4992;156;0,4567;71,2458;8,74;1363,44
189050;64223;MIJARAN VERDE 6,4X22,3;MIJARAN;PICCOLA;m2;M950;32;70,0673;4992;156;0,4567;71,2458;8,74;1363,44
189051;147147;MIJARAN BLANCO ANTI-SLIP 14,7X14,7;MIJARAN;PICCOLA;m2;M967;44;46,28;3080;70;0,9507;66,5514;17,12;1198,4
189052;147147;MIJARAN AZUL ANTI-SLIP 14,7X14,7;MIJARAN;PICCOLA;m2;M967;44;46,28;3080;70;0,9507;66,5514;17,12;1198,4
189053;147147;MIJARAN VERDE ANTI-SLIP 14,7X14,7;MIJARAN;PICCOLA;m2;M967;44;46,28;3080;70;0,9507;66,5514;17,12;1198,4
189061;64223;GREENLAND FROST GLOSS 6,4X22,3;GREENLAND;PICCOLA;m2;M969;32;70,0673;4992;156;0,4567;71,2458;8,77;1368,12
189062;64223;GREENLAND CLAY GLOSS 6,4X22,3;GREENLAND;PICCOLA;m2;M969;32;70,0673;4992;156;0,4567;71,2458;8,77;1368,12
189063;64223;GREENLAND PEACH GLOSS 6,4X22,3;GREENLAND;PICCOLA;m2;M969;32;70,0673;4992;156;0,4567;71,2458;8,77;1368,12
189064;64223;GREENLAND TEAL GLOSS 6,4X22,3;GREENLAND;PICCOLA;m2;M969;32;70,0673;4992;156;0,4567;71,2458;8,77;1368,12
189065;64223;GREENLAND BOREAL GLOSS 6,4X22,3;GREENLAND;PICCOLA;m2;M969;32;70,0673;4992;156;0,4567;71,2458;8,77;1368,12
189066;64223;GREENLAND COBALT GLOSS 6,4X22,3;GREENLAND;PICCOLA;m2;M969;32;70,0673;4992;156;0,4567;71,2458;8,77;1368,12
189067;64223;GREENLAND FROST MATT 6,4X22,3;GREENLAND;PICCOLA;m2;M963;32;70,0673;4992;156;0,4567;71,2458;8,61;1343,16
189068;64223;GREENLAND CLAY MATT 6,4X22,3;GREENLAND;PICCOLA;m2;M963;32;70,0673;4992;156;0,4567;71,2458;8,61;1343,16
189069;64223;GREENLAND PEACH MATT 6,4X22,3;GREENLAND;PICCOLA;m2;M963;32;70,0673;4992;156;0,4567;71,2458;8,67;1352,52
189070;64223;GREENLAND BOREAL MATT 6,4X22,3;GREENLAND;PICCOLA;m2;M963;32;70,0673;4992;156;0,4567;71,2458;8,67;1352,52
189071;64223;GREENLAND TEAL MATT 6,4X22,3;GREENLAND;PICCOLA;m2;M963;32;70,0673;4992;156;0,4567;71,2458;8,58;1338,48
189072;64223;GREENLAND COBALT MATT 6,4X22,3;GREENLAND;PICCOLA;m2;M963;32;70,0673;4992;156;0,4567;71,2458;8,64;1347,84
189073;147147;GREENLAND FROST ANTI-SLIP 14,7X14,7;GREENLAND;PICCOLA;m2;M937;44;46,28;3080;70;0,9507;66,5514;17,29;1210,3
189074;147147;GREENLAND CLAY ANTI-SLIP 14,7X14,7;GREENLAND;PICCOLA;m2;M937;44;46,28;3080;70;0,9507;66,5514;17,29;1210,3
189075;147147;GREENLAND PEACH ANTI-SLIP 14,7X14,7;GREENLAND;PICCOLA;m2;M937;44;46,28;3080;70;0,9507;66,5514;17,29;1210,3
189076;147147;GREENLAND BOREAL ANTI-SLIP 14,7X14,7;GREENLAND;PICCOLA;m2;M937;44;46,28;3080;70;0,9507;66,5514;17,29;1210,3
189077;147147;GREENLAND TEAL ANTI-SLIP 14,7X14,7;GREENLAND;PICCOLA;m2;M937;44;46,28;3080;70;0,9507;66,5514;17,29;1210,3
189078;147147;GREENLAND COBALT ANTI-SLIP 14,7X14,7;GREENLAND;PICCOLA;m2;M937;44;46,28;3080;70;0,9507;66,5514;17,29;1210,3
189085;64223;ICEBERG WHITE 6,4X22,3;ICEBERG;PICCOLA;m2;M950;32;70,0673;4992;156;0,4567;71,2458;8,67;1352,52
189086;64223;ICEBERG BLACK 6,4X22,3;ICEBERG;PICCOLA;m2;M950;32;70,0673;4992;156;0,4567;71,2458;8,67;1352,52
189087;147147;ICEBERG WHITE 14,7X14,7;ICEBERG;PICCOLA;m2;M967;44;46,28;3080;70;0,9507;66,5514;15,4;1078
189088;147147;ICEBERG BLACK 14,7X14,7;ICEBERG;PICCOLA;m2;M967;44;46,28;3080;70;0,9507;66,5514;15,4;1078
189156;200200;ATLANTIQUE BLANC 20X20;ATLANTIQUE;PICCOLA;m2;M921;17;25;1632;96;0,68;65,28;12,95;1243,2
189157;200200;ATLANTIQUE AMANDE 20X20;ATLANTIQUE;PICCOLA;m2;M921;17;25;1632;96;0,68;65,28;12,99;1247,04
189158;200200;ATLANTIQUE OLIVE 20X20;ATLANTIQUE;PICCOLA;m2;M921;17;25;1632;96;0,68;65,28;13,18;1265,28
189159;200200;ATLANTIQUE BLEU 20X20;ATLANTIQUE;PICCOLA;m2;M921;17;25;1632;96;0,68;65,28;13,12;1259,52
189160;200200;BAYONNE 20X20;ATLANTIQUE;PICCOLA;m2;M917;17;25;1632;96;0,68;65,28;12,6;1209,6
189161;200200;JOSSELIN 20X20;ATLANTIQUE;PICCOLA;m2;M917;17;25;1632;96;0,68;65,28;12,55;1204,8
189162;200200;NANTES BLEU 20X20;ATLANTIQUE;PICCOLA;m2;M923;17;25;1632;96;0,68;65,28;12,95;1243,2
189163;200200;MILANO GESSO 20X20;MILANO;PICCOLA;m2;M921;17;25;1632;96;0,68;65,28;13,01;1248,96
189164;200200;EMANUELE 20X20;MILANO;PICCOLA;m2;M923;17;25;1632;96;0,68;65,28;13,11;1258,56
189165;200200;GARIBALDI 20X20;MILANO;PICCOLA;m2;M923;17;25;1632;96;0,68;65,28;13,01;1248,96
189166;200200;GRAZIE 20X20;MILANO;PICCOLA;m2;M923;17;25;1632;96;0,68;65,28;12,99;1247,04
189167;200200;BRERA 20X20;MILANO;PICCOLA;m2;M923;17;25;1632;96;0,68;65,28;12,9;1238,4
189168;200200;CARMINE 20X20;MILANO;PICCOLA;m2;M923;17;25;1632;96;0,68;65,28;13,07;1254,72
189169;200200;DUOMO 20X20;MILANO;PICCOLA;m2;M923;17;25;1632;96;0,68;65,28;12,92;1240,32
189170;69240;MILANO GESSO 6,9X24;MILANO;PICCOLA;m2;M894;45;60,3865;4320;96;0,7451;71,5391;10,62;1019,52
189171;69240;MILANO GRIGIO 6,9X24;MILANO;PICCOLA;m2;M894;45;60,3865;4320;96;0,7451;71,5391;10,49;1007,04
189172;69240;MILANO BLU 6,9X24;MILANO;PICCOLA;m2;M894;45;60,3865;4320;96;0,7451;71,5391;10,62;1019,52
189173;69240;MILANO MENTA 6,9X24;MILANO;PICCOLA;m2;M894;45;60,3865;4320;96;0,7451;71,5391;14,13;1356,48
189174;69240;MILANO BOSCO 6,9X24;MILANO;PICCOLA;m2;M894;45;60,3865;4320;96;0,7451;71,5391;10,53;1010,88
189175;115231;SCALA GESSO 11,5X23,1;MILANO;PICCOLA;m2;M928;24;37,6433;2304;96;0,6375;61,2061;9,62;923,52
189176;115231;SCALA BLU 11,5X23,1;MILANO;PICCOLA;m2;M928;24;37,6433;2304;96;0,6375;61,2061;9,55;916,8
189177;115231;SCALA GRIGIO 11,5X23,1;MILANO;PICCOLA;m2;M928;24;37,6433;2304;96;0,6375;61,2061;9,53;914,88
189178;115231;SCALA MENTA 11,5X23,1;MILANO;PICCOLA;m2;M928;24;37,6433;2304;96;0,6375;61,2061;9,5;912
189179;115231;SCALA BOSCO 11,5X23,1;MILANO;PICCOLA;m2;M928;24;37,6433;2304;96;0,6375;61,2061;9,7;931,2
189180;69240;ATLANTIQUE BLANC 6,9X24;ATLANTIQUE;PICCOLA;m2;M894;45;60,3865;4320;96;0,7451;71,5391;10,71;1028,16
189181;69240;ATLANTIQUE AMANDE 6,9X24;ATLANTIQUE;PICCOLA;m2;M894;45;60,3865;4320;96;0,7451;71,5391;10,85;1041,6
189182;69240;ATLANTIQUE AQUAMARINE 6,9X24;ATLANTIQUE;PICCOLA;m2;M894;45;60,3865;4320;96;0,7451;71,5391;10,85;1041,6
189183;69240;ATLANTIQUE BLEU 6,9X24;ATLANTIQUE;PICCOLA;m2;M894;45;60,3865;4320;96;0,7451;71,5391;10,89;1045,44
189184;69240;ATLANTIQUE OLIVE 6,9X24;ATLANTIQUE;PICCOLA;m2;M894;45;60,3865;4320;96;0,7451;71,5391;10,85;1041,6
189185;69240;ATLANTIQUE COTTO 6,9X24;ATLANTIQUE;PICCOLA;m2;M894;45;60,3865;4320;96;0,7451;71,5391;10,8;1036,8
189186;69240;ATLANTIQUE CHARBON 6,9X24;ATLANTIQUE;PICCOLA;m2;M894;45;60,3865;4320;96;0,7451;71,5391;10,76;1032,96
189187;69240;ANTIGA BLANCO 6,9X24;ANTIGA;PICCOLA;m2;M917;45;60,3865;4320;96;0,7451;71,5391;10,8;1036,8
189188;69240;ANTIGA VERDE 6,9X24;ANTIGA;PICCOLA;m2;M917;45;60,3865;4320;96;0,7451;71,5391;10,76;1032,96
189189;69240;ANTIGA AZUL 6,9X24;ANTIGA;PICCOLA;m2;M917;45;60,3865;4320;96;0,7451;71,5391;10,76;1032,96
189190;69240;ANTIGA TEJA 6,9X24;ANTIGA;PICCOLA;m2;M917;45;60,3865;4320;96;0,7451;71,5391;10,8;1036,8
189191;69240;ANTIGA MARENGO 6,9X24;ANTIGA;PICCOLA;m2;M917;45;60,3865;4320;96;0,7451;71,5391;10,8;1036,8
189192;200200;MILANO BOSCO 20X20;MILANO;PICCOLA;m2;M921;17;25;1632;96;0,68;65,28;13,18;1265,28
189193;200200;NANTES OLIVE 20X20;ATLANTIQUE;PICCOLA;m2;M923;17;25;1632;96;0,68;65,28;12,95;1243,2
189194;200200;MILANO GRIGIO 20X20;MILANO;PICCOLA;m2;M921;17;25;1632;96;0,68;65,28;12,82;1230,72
189195;115115;GRANADELLA CIELO 11,5X11,5;GRANADELLA;PICCOLA;m2;M967;45;75,6144;4320;96;0,5951;57,132;10,22;981,12
189196;115115;GRANADELLA MARINO 11,5X11,5;GRANADELLA;PICCOLA;m2;M967;45;75,6144;4320;96;0,5951;57,132;10,26;984,96
189197;115115;GRANADELLA ESMERALDA 11,5X11,5;GRANADELLA;PICCOLA;m2;M967;45;75,6144;4320;96;0,5951;57,132;10,4;998,4
189198;115115;GRANADELLA CARBON 11,5X11,5;GRANADELLA;PICCOLA;m2;M967;45;75,6144;4320;96;0,5951;57,132;10,26;984,96
189199;115115;GRANADELLA SAL 11,5X11,5;GRANADELLA;PICCOLA;m2;M967;45;75,6144;4320;96;0,5951;57,132;10,4;998,4
189200;64223;GRANADELLA CIELO 6,4X22,3;GRANADELLA;PICCOLA;m2;M967;32;70,0673;4992;156;0,4567;71,2458;7,46;1163,76
189201;64223;GRANADELLA ESMERALDA 6,4X22,3;GRANADELLA;PICCOLA;m2;M967;32;70,0673;4992;156;0,4567;71,2458;7,3;1138,8
189202;64223;GRANADELLA MARINO 6,4X22,3;GRANADELLA;PICCOLA;m2;M967;32;70,0673;4992;156;0,4567;71,2458;7,36;1148,16
189203;64223;GRANADELLA SAL 6,4X22,3;GRANADELLA;PICCOLA;m2;M967;32;70,0673;4992;156;0,4567;71,2458;7,3;1138,8
189204;64223;GRANADELLA CARBON 6,4X22,3;GRANADELLA;PICCOLA;m2;M967;32;70,0673;4992;156;0,4567;71,2458;7,3;1138,8
189205;200200;SAINT-MICHEL BLEU 20X20;ATLANTIQUE;PICCOLA;m2;M917;17;25;1632;96;0,68;65,28;12,51;1200,96
189206;200200;SAINT-MICHEL OLIVE 20X20;ATLANTIQUE;PICCOLA;m2;M917;17;25;1632;96;0,68;65,28;12,5;1200
189207;200200;ANTIGA BLANCO 20X20;ANTIGA;PICCOLA;m2;M921;17;25;1632;96;0,68;65,28;13,11;1258,56
189208;200200;BARRAQUETES VERDE 20X20;ANTIGA;PICCOLA;m2;M926;17;25;1632;96;0,68;65,28;12,82;1230,72
189209;200200;BARRAQUETES TEJA 20X20;ANTIGA;PICCOLA;m2;M926;17;25;1632;96;0,68;65,28;12,84;1232,64
189210;200200;BARRAQUETES AZUL 20X20;ANTIGA;PICCOLA;m2;M926;17;25;1632;96;0,68;65,28;12,78;1226,88
189211;200200;BARRAQUETES MARENGO 20X20;ANTIGA;PICCOLA;m2;M926;17;25;1632;96;0,68;65,28;12,73;1222,08
189212;200200;MARENY VERDE 20X20;ANTIGA;PICCOLA;m2;M926;17;25;1632;96;0,68;65,28;12,48;1198,08
189213;200200;MARENY AZUL 20X20;ANTIGA;PICCOLA;m2;M926;17;25;1632;96;0,68;65,28;12,51;1200,96
189214;115231;KIT-KAT MOSAIC NOCHE GLOSSY 11,5X23,1;KIT-KAT;PICCOLA;m2;M970;24;37,6435;2304;96;0,6375;61,2057;11,28;1082,88
189215;200200;CABANYAL AZUL 20X20;ANTIGA;PICCOLA;m2;M926;17;25;1632;96;0,68;65,28;12,43;1193,28
189216;200200;CABANYAL VERDE 20X20;ANTIGA;PICCOLA;m2;M926;17;25;1632;96;0,68;65,28;12,36;1186,56
189217;200200;CABANYAL TEJA 20X20;ANTIGA;PICCOLA;m2;M926;17;25;1632;96;0,68;65,28;12,39;1189,44
189218;200200;CABANYAL MARENGO 20X20;ANTIGA;PICCOLA;m2;M926;17;25;1632;96;0,68;65,28;12,38;1188,48
189219;115231;KIT-KAT MOSAIC MUSGO GLOSSY 11,5X23,1;KIT-KAT;PICCOLA;m2;M970;24;37,6435;2304;96;0,6375;61,2057;11,21;1076,16
189220;70280;AGADIR MUSGO 7X28;AGADIR;PICCOLA;m2;M926;45;51,0204;3240;72;0,882;63,504;16,65;1198,8
189221;70280;AGADIR TURQUESA 7X28;AGADIR;PICCOLA;m2;M926;45;51,0204;3240;72;0,882;63,504;17,06;1228,32
189222;70280;AGADIR IVORY 7X28;AGADIR;PICCOLA;m2;M926;45;51,0204;3240;72;0,882;63,504;16,83;1211,76
189223;115231;XABIA CRUDO 11,5X23,1;XABIA;PICCOLA;m2;M928;24;37,6433;2304;96;0,6375;61,2061;11,57;1110,72
189224;115231;XABIA PAJA 11,5X23,1;XABIA;PICCOLA;m2;M928;24;37,6433;2304;96;0,6375;61,2061;11,54;1107,84
189225;115231;XABIA SALMON 11,5X23,1;XABIA;PICCOLA;m2;M928;24;37,6433;2304;96;0,6375;61,2061;11,38;1092,48
189226;115231;XABIA TOSTADO 11,5X23,1;XABIA;PICCOLA;m2;M928;24;37,6433;2304;96;0,6375;61,2061;11,42;1096,32
189237;6001200;CALACATTA SUPERWHITE SATIN 60X120 ;CALACATTA LUX;MARBLE;m2;M930;2;1,3889;66;33;1,4399;47,5199;29,28;966,24
189245;2281800;ROVERE MIELE 22.8X180;ROVERE;CLICK&FLOOR;m2;M943;7;2,4366;308;44;2,8727;126,4031;24,15;1062,6
189246;2281800;ROVERE  NATURALE 22.8X180;ROVERE;CLICK&FLOOR;m2;M943;7;2,4366;308;44;2,8727;126,4031;24,15;1062,6
189247;2281800;ROVERE TOSTATO 22.8X180;ROVERE;CLICK&FLOOR;m2;M943;7;2,4366;308;44;2,8727;126,4031;24,15;1062,6
189252;215250;RIAD EXA CACAO 21,5X25;RIAD;PICCOLA;m2;M932;24;24,69;1536;64;0,972;62,2114;18,6;1190,4
189253;215250;RIAD EXA TRIGO 21,5X25;RIAD;PICCOLA;m2;M932;24;24,69;1536;64;0,972;62,2114;18,7;1196,8
189254;215250;RIAD EXA AVENA 21,5X25;RIAD;PICCOLA;m2;M932;24;24,69;1536;64;0,972;62,2114;18,98;1214,72
189255;65200;RENANIA BLANCO 6,5X20;RENANIA;PICCOLA;m2;M894;48;76,92;4992;104;0,624;64,8985;8,16;848,64
189256;65200;RENANIA TIERRA 6,5X20;RENANIA;PICCOLA;m2;M894;48;76,92;4992;104;0,624;64,8985;8,21;853,84
189257;65200;RENANIA GRAFITO 6,5X20;RENANIA;PICCOLA;m2;M894;48;76,92;4992;104;0,624;64,8985;8,16;848,64
189258;65200;RENANIA AZUL 6,5X20;RENANIA;PICCOLA;m2;M894;48;76,92;4992;104;0,624;64,8985;8,26;859,04
189259;65200;RENANIA MENTA 6,5X20;RENANIA;PICCOLA;m2;M894;48;76,92;4992;104;0,624;64,8985;8,16;848,64
189260;65200;RENANIA VERDE 6,5X20;RENANIA;PICCOLA;m2;M894;48;76,92;4992;104;0,624;64,8985;8,16;848,64
189261;147147;TERRALUZ VERDE 14,7X14,7;TERRALUZ;PICCOLA;m2;M967;44;46,28;3080;70;0,9507;66,5514;17,29;1210,3
189262;147147;TERRALUZ CANVAS 14,7X14,7;TERRALUZ;PICCOLA;m2;M967;44;46,28;3080;70;0,9507;66,5514;17,12;1198,4
189263;147147;TERRALUZ PIEDRA 14,7X14,7;TERRALUZ;PICCOLA;m2;M967;44;46,28;3080;70;0,9507;66,5514;17,25;1207,5
189264;147147;TERRALUZ AZUL 14,7X14,7;TERRALUZ;PICCOLA;m2;M967;44;46,28;3080;70;0,9507;66,5514;17,2;1204
189265;147147;TERRALUZ YESO 14,7X14,7;TERRALUZ;PICCOLA;m2;M967;44;46,28;3080;70;0,9507;66,5514;17,6;1232
189266;147147;TERRALUZ TEJA 14,7X14,7;TERRALUZ;PICCOLA;m2;M967;44;46,28;3080;70;0,9507;66,5514;17,34;1213,8
189275;125125;RIAD BLANCO 12,5X12,5;RIAD;PICCOLA;m2;M928;60;64;4800;80;0,9375;75;12,42;993,6
189276;125125;RIAD DENIM 12,5X12,5;RIAD;PICCOLA;m2;M928;60;64;4800;80;0,9375;75;12,48;998,4
189277;125125;RIAD VERDE MAR 12,5X12,5;RIAD;PICCOLA;m2;M928;60;64;4800;80;0,9375;75;12,48;998,4
189278;125125;RIAD CARBON 12,5X12,5;RIAD;PICCOLA;m2;M928;60;64;4800;80;0,9375;75;12,48;998,4
189279;125125;RIAD AVENA 12,5X12,5;RIAD;PICCOLA;m2;M928;60;64;4800;80;0,9375;75;12,42;993,6
189280;125125;RIAD TRIGO 12,5X12,5;RIAD;PICCOLA;m2;M928;60;64;4800;80;0,9375;75;12,48;998,4
189281;125125;RIAD CACAO 12,5X12,5;RIAD;PICCOLA;m2;M928;60;64;4800;80;0,9375;75;12,48;998,4
189282;200200;UTRECHT 20X20;RENANIA;PICCOLA;m2;M917;17;25;1632;96;0,68;65,28;13,19;1266,24
189283;200200;COLONIA 20X20;RENANIA;PICCOLA;m2;M917;17;25;1632;96;0,68;65,28;13,26;1272,96
189284;200200;MUNICH 20X20;RENANIA;PICCOLA;m2;M917;17;25;1632;96;0,68;65,28;13,21;1268,16
189285;200200;FRAGMENTA AZUL 20X20;FRAGMENTA&IMA;PICCOLA;m2;M923;17;25;1632;96;0,68;65,28;13,14;1261,44
189286;200200;FRAGMENTA VERDE 20X20;FRAGMENTA&IMA;PICCOLA;m2;M923;17;25;1632;96;0,68;65,28;13,09;1256,64
189287;200200;FRAGMENTA CORAL 20X20;FRAGMENTA&IMA;PICCOLA;m2;M923;17;25;1632;96;0,68;65,28;13,19;1266,24
189288;200200;FRAGMENTA GRIS 20X20;FRAGMENTA&IMA;PICCOLA;m2;M923;17;25;1632;96;0,68;65,28;13,07;1254,72
189289;200200;FRAGMENTA ARENA 20X20;FRAGMENTA&IMA;PICCOLA;m2;M923;17;25;1632;96;0,68;65,28;13,09;1256,64
189290;65200;ALFAR ANIS 6,5X20;ALFAR;PICCOLA;m2;M894;48;76,92;4992;104;0,624;64,8985;8,54;888,16
189291;65200;ALFAR CISNE 6,5X20;ALFAR;PICCOLA;m2;M894;48;76,92;4992;104;0,624;64,8985;8,4;873,6
189292;65200;ALFAR FOSIL 6,5X20;ALFAR;PICCOLA;m2;M894;48;76,92;4992;104;0,624;64,8985;8,45;878,8
189293;65200;ALFAR GRANA 6,5X20;ALFAR;PICCOLA;m2;M894;48;76,92;4992;104;0,624;64,8985;8,64;898,56
189294;65200;ALFAR BOSQUE 6,5X20;ALFAR;PICCOLA;m2;M894;48;76,92;4992;104;0,624;64,8985;8,59;893,36
189295;65200;ALFAR AZUL PRUSIAN 6,5X20;ALFAR;PICCOLA;m2;M894;48;76,92;4992;104;0,624;64,8985;8,4;873,6
189296;65200;ALFAR TURQUESA 6,5X20;ALFAR;PICCOLA;m2;M894;48;76,92;4992;104;0,624;64,8985;8,45;878,8
189297;65200;ALFAR CARAMELO 6,5X20;ALFAR;PICCOLA;m2;M894;48;76,92;4992;104;0,624;64,8985;8,59;893,36
189298;62250;RIAD BLANCO 6,2X25;RIAD;PICCOLA;m2;M926;36;64,5161;3888;108;0,5579;60,2639;8,17;882,36
189299;62250;RIAD DENIM 6,2X25;RIAD;PICCOLA;m2;M926;36;64,5161;3888;108;0,5579;60,2639;8,17;882,36
189300;62250;RIAD VERDE MAR 6,2X25;RIAD;PICCOLA;m2;M926;36;64,5161;3888;108;0,5579;60,2639;8,17;882,36
189301;62250;RIAD CARBON 6,2X25;RIAD;PICCOLA;m2;M926;36;64,5161;3888;108;0,5579;60,2639;8,17;882,36
189302;62250;RIAD AVENA 6,2X25;RIAD;PICCOLA;m2;M926;36;64,5161;3888;108;0,5579;60,2639;8,17;882,36
189303;62250;RIAD TRIGO 6,2X25;RIAD;PICCOLA;m2;M926;36;64,5161;3888;108;0,5579;60,2639;8,17;882,36
189304;62250;RIAD CACAO 6,2X25;RIAD;PICCOLA;m2;M926;36;64,5161;3888;108;0,5579;60,2639;8,17;882,36
189305;100400;IMA AZUL 10X40;FRAGMENTA&IMA;PICCOLA;m2;M917;28;25;1792;64;1,12;71,68;13,16;842,24
189306;100400;IMA VERDE 10X40;FRAGMENTA&IMA;PICCOLA;m2;M917;28;25;1792;64;1,12;71,68;13,16;842,24
189307;100400;IMA MOSTAZA 10X40;FRAGMENTA&IMA;PICCOLA;m2;M917;28;25;1792;64;1,12;71,68;13,16;842,24
189308;100400;IMA BLANCO 10X40;FRAGMENTA&IMA;PICCOLA;m2;M917;28;25;1792;64;1,12;71,68;13,16;842,24
189309;100400;IMA GRIS 10X40;FRAGMENTA&IMA;PICCOLA;m2;M917;28;25;1792;64;1,12;71,68;13,16;842,24
189310;100400;IMA CORAL 10X40;FRAGMENTA&IMA;PICCOLA;m2;M917;28;25;1792;64;1,12;71,68;13,16;842,24
189311;200200;FRAGMENTA TERRACOTA 20X20;FRAGMENTA&IMA;PICCOLA;m2;M923;17;25;1632;96;0,68;65,28;13,01;1248,96
189318;62250;MEKNES BLANCO 6,2X25;MEKNES;PICCOLA;m2;M894;36;64,5161;3888;108;0,5579;60,2639;8,14;879,12
189319;62250;MEKNES ROSA 6,2X25;MEKNES;PICCOLA;m2;M894;36;64,5161;3888;108;0,5579;60,2639;8,1;874,8
189320;62250;MEKNES MELISA 6,2X25;MEKNES;PICCOLA;m2;M894;36;64,5161;3888;108;0,5579;60,2639;8,24;889,92
189321;62250;MEKNES VERDE 6,2X25;MEKNES;PICCOLA;m2;M894;36;64,5161;3888;108;0,5579;60,2639;8,17;882,36
189322;62250;MEKNES HIELO 6,2X25;MEKNES;PICCOLA;m2;M894;36;64,5161;3888;108;0,5579;60,2639;8,21;886,68
189323;62250;MEKNES MIEL 6,2X25;MEKNES;PICCOLA;m2;M894;36;64,5161;3888;108;0,5579;60,2639;7,99;862,92
189324;62250;MEKNES INDIGO 6,2X25;MEKNES;PICCOLA;m2;M894;36;64,5161;3888;108;0,5579;60,2639;8,1;874,8
189325;125125;MEKNES BLANCO 12,5X12,5;MEKNES;PICCOLA;m2;M926;60;64;4800;80;0,9375;75;13,86;1108,8
189326;125125;MEKNES ROSA 12,5X12,5;MEKNES;PICCOLA;m2;M926;60;64;4800;80;0,9375;75;13,86;1108,8
189327;125125;MEKNES MELISA 12,5X12,5;MEKNES;PICCOLA;m2;M926;60;64;4800;80;0,9375;75;13,62;1089,6
189328;125125;MEKNES VERDE 12,5X12,5;MEKNES;PICCOLA;m2;M926;60;64;4800;80;0,9375;75;13,62;1089,6
189329;125125;MEKNES HIELO 12,5X12,5;MEKNES;PICCOLA;m2;M926;60;64;4800;80;0,9375;75;13,86;1108,8
189330;125125;MEKNES INDIGO 12,5X12,5;MEKNES;PICCOLA;m2;M926;60;64;4800;80;0,9375;75;13,62;1089,6
189331;125125;MEKNES MIEL 12,5X12,5;MEKNES;PICCOLA;m2;M926;60;64;4800;80;0,9375;75;13,86;1108,8
227959;75300;ATELIER WHITE GLOSSY 7.5X30;ATELIER;PICCOLA;m2;M874;22;44,4444;2750;125;0,4949;61,8749;7,92;990
227975;75300;ATELIER WHITE MATT 7.5X30;ATELIER;PICCOLA;m2;M874;22;44,4444;2750;125;0,4949;61,8749;7,92;990
186673N;300900;JUST WHITE GLOSS 30X90;JUST WHITE;CEMENT&STONE;m2;M924;4;3,7037;192;48;1,08;51,84;20,4;979,2
187139N;300900;NOVA CINZA 30X90;NOVA;CEMENT&STONE;m2;M925;4;3,7037;192;48;1,08;51,84;20,4;979,2
187146N;300900;JUST WHITE MATT 30X90;JUST WHITE;CEMENT&STONE;m2;M925;4;3,7037;192;48;1,08;51,84;20,4;979,2
187521N;300900;CALACATTA LUX 30X90;CALACATTA LUX;MARBLE;m2;M924;4;3,7037;192;48;1,08;51,84;20,4;979,2
187522N;300900;FANCY WHITE 30X90;FANCY;CEMENT&STONE;m2;M925;4;3,7037;192;48;1,08;51,84;20,4;979,2
187524N;300900;FANCY GREY 30X90;FANCY;CEMENT&STONE;m2;M925;4;3,7037;192;48;1,08;51,84;20,4;979,2
187759N;200200;DIURNE OXIDE 20X20;OXYDE;CEMENT&STONE;m2;M894;17;25;1632;96;0,68;65,28;13,6;1305,6
187760N;200200;DIURNE OXIDE ETHNIC 20X20;OXYDE;CEMENT&STONE;m2;M960;17;25;1632;96;0,68;65,28;13,6;1305,6
187777N;200200;YANG 20X20;MICRO;PICCOLA;m2;M923;17;25;1632;96;0,68;65,28;14,03;1346,88
187778N;200200;GRID 20X20;MICRO;PICCOLA;m2;M923;17;25;1632;96;0,68;65,28;14,03;1346,88
187816N1;200200;WHITE 20X20;MICRO;PICCOLA;m2;M921;17;25;1632;96;0,68;65,28;14,03;1346,88
187817N1;200200;BLACK 20X20;MICRO;PICCOLA;m2;M921;17;25;1632;96;0,68;65,28;14,03;1346,88
187820N;200200;ORNAMENTAL BLACK&WHITE 20X20;HIDRAULICO;PICCOLA;m2;M923;17;25;1632;96;0,68;65,28;14,03;1346,88
187823N;200200;ORNAMENTAL MUSTARD 20X20;HIDRAULICO;PICCOLA;m2;M923;17;25;1632;96;0,68;65,28;14,03;1346,88
187824N;200200;TERRACOTA BLANCO 20X20;TERRACOTA;PICCOLA;m2;M894;17;25;1632;96;0,68;65,28;14,03;1346,88
187825N;200200;TERRACOTA COTTO 20X20;TERRACOTA;PICCOLA;m2;M894;17;25;1632;96;0,68;65,28;14,03;1346,88
187826N;200200;TERRACOTA DECOR BLANCO 20X20;TERRACOTA;PICCOLA;m2;M917;17;25;1632;96;0,68;65,28;14,03;1346,88
187827N;200200;TERRACOTA DECOR COTTO 20X20;TERRACOTA;PICCOLA;m2;M917;17;25;1632;96;0,68;65,28;14,03;1346,88
187859N;200200;TERRACOTA TEJA 20X20;TERRACOTA;PICCOLA;m2;M894;17;25;1632;96;0,68;65,28;14,03;1346,88
187861N;75300;FLAT WHITE GLOSS 7.5X30;FLAT;PICCOLA;m2;M874;22;44,4444;2750;125;0,4949;61,8749;7,92;990
187862N;75300;FLAT WHITE MATT 7.5X30;FLAT;PICCOLA;m2;M874;22;44,4444;2750;125;0,4949;61,8749;7,92;990
187864N;75300;FLAT BLACK MATT 7.5X30;FLAT;PICCOLA;m2;M874;22;44,4444;2750;125;0,4949;61,8749;7,92;990
188018N;200200;VIANA 20X20;SAUDADE;PICCOLA;m2;M923;17;25;1632;96;0,68;65,28;14,03;1346,88
188019N;200200;EVORA 20X20;SAUDADE;PICCOLA;m2;M923;17;25;1632;96;0,68;65,28;14,03;1346,88
188020N;200200;PORTO 20X20;SAUDADE;PICCOLA;m2;M923;17;25;1632;96;0,68;65,28;14,03;1346,88
188022N;200200;COIMBRA 20X20;SAUDADE;PICCOLA;m2;M923;17;25;1632;96;0,68;65,28;14,03;1346,88
188023N;200200;SAUDADE BLANCO 20X20;SAUDADE;PICCOLA;m2;M921;17;25;1632;96;0,68;65,28;14,03;1346,88
188026N;200200;SAUDADE AZUL 20X20;SAUDADE;PICCOLA;m2;M921;17;25;1632;96;0,68;65,28;14,03;1346,88
188060N;200200;FARO 20X20;SAUDADE;PICCOLA;m2;M923;17;25;1632;96;0,68;65,28;14,03;1346,88
188245N;150150;TABARCA BLANCO 15X15;TABARCA;PICCOLA;m2;M894;30;44,44;2700;90;0,675;60,756;10,2;918
188246N;150150;TABARCA ROSA 15X15;TABARCA;PICCOLA;m2;M894;30;44,44;2700;90;0,675;60,756;9,9;891
188249N;150150;TABARCA TURQUESA 15X15;TABARCA;PICCOLA;m2;M894;30;44,44;2700;90;0,675;60,756;10,26;923,4
188263N;147147;CHICAGO WHITE COTTON 14,7X14,7;CHICAGO;PICCOLA;m2;M926;44;46,28;3080;70;0,9507;66,5514;15,4;1078
188264N;147147;CHICAGO GINGER 14,7X14,7;CHICAGO;PICCOLA;m2;M926;44;46,28;3080;70;0,9507;66,5514;15,4;1078
188265N;147147;CHICAGO OCEAN 14,7X14,7;CHICAGO;PICCOLA;m2;M926;44;46,28;3080;70;0,9507;66,5514;15,4;1078
188268N;147147;CHICAGO OLIVE 14,7X14,7;CHICAGO;PICCOLA;m2;M926;44;46,28;3080;70;0,9507;66,5514;15,4;1078
188470N;200200;VALENCIA BLANCO 20X20;VALENCIA;PICCOLA;m2;M921;17;25;1632;96;0,68;65,28;14,03;1346,88
188471N;200200;VALENCIA CORAL 20X20;VALENCIA;PICCOLA;m2;M921;17;25;1632;96;0,68;65,28;14,03;1346,88
188472N;200200;VALENCIA SALVIA 20X20;VALENCIA;PICCOLA;m2;M921;17;25;1632;96;0,68;65,28;14,03;1346,88
188473N;200200;VALENCIA AZUL 20X20;VALENCIA;PICCOLA;m2;M921;17;25;1632;96;0,68;65,28;14,03;1346,88
188474N;200200;PALMAR 20X20;VALENCIA;PICCOLA;m2;M923;17;25;1632;96;0,68;65,28;14,03;1346,88
188475N;200200;CARME 20X20;VALENCIA;PICCOLA;m2;M923;17;25;1632;96;0,68;65,28;14,03;1346,88
188476N;200200;JORDANA 20X20;VALENCIA;PICCOLA;m2;M923;17;25;1632;96;0,68;65,28;14,03;1346,88
188477N;200200;REMOR 20X20;VALENCIA;PICCOLA;m2;M923;17;25;1632;96;0,68;65,28;14,03;1346,88
188478N;200200;SOROLLA 20X20;VALENCIA;PICCOLA;m2;M923;17;25;1632;96;0,68;65,28;14,03;1346,88
188495N;200200;SANTORINI 20X20;DORIA;PICCOLA;m2;M923;17;25;1632;96;0,68;65,28;14,03;1346,88
188496N;200200;CRETA 20X20;DORIA;PICCOLA;m2;M923;17;25;1632;96;0,68;65,28;14,03;1346,88
188497N;200200;MYKONOS 20X20;DORIA;PICCOLA;m2;M923;17;25;1632;96;0,68;65,28;14,03;1346,88
188498N;200200;CORFU 20X20;DORIA;PICCOLA;m2;M923;17;25;1632;96;0,68;65,28;14,03;1346,88
188500N;200200;NAXOS 20X20;DORIA;PICCOLA;m2;M923;17;25;1632;96;0,68;65,28;14,03;1346,88
188503N;200200;AQUA 20X20;DORIA;PICCOLA;m2;M921;17;25;1632;96;0,68;65,28;14,03;1346,88
188505N;200200;NAVY 20X20;DORIA;PICCOLA;m2;M921;17;25;1632;96;0,68;65,28;14,03;1346,88
188546N;70280;AGADIR NIEBLA 7X28;AGADIR;PICCOLA;m2;M926;45;51,0204;3240;72;0,882;63,504;16,65;1198,8
188547N;70280;AGADIR PIEDRA 7X28;AGADIR;PICCOLA;m2;M926;45;51,0204;3240;72;0,882;63,504;16,65;1198,8
188548N;70280;AGADIR LAGO 7X28;AGADIR;PICCOLA;m2;M926;45;51,0204;3240;72;0,882;63,504;16,65;1198,8
188549N;70280;AGADIR AGUA 7X28;AGADIR;PICCOLA;m2;M926;45;51,0204;3240;72;0,882;63,504;16,65;1198,8
188550N;70280;AGADIR COTTO CLARO MATE 7X28;AGADIR;PICCOLA;m2;M926;45;51,0204;3240;72;0,882;63,504;16,65;1198,8
188570N;70280;AGADIR SELVA 7X28;AGADIR;PICCOLA;m2;M926;45;51,0204;3240;72;0,882;63,504;16,65;1198,8
188573N;70280;AGADIR COTTO OSCURO MATE 7X28;AGADIR;PICCOLA;m2;M926;45;51,0204;3240;72;0,882;63,504;16,65;1198,8
188589N;200200;MAGNET MINT 20X20;MAGNET;CEMENT&STONE;m2;M923;17;25;1632;96;0,68;65,28;13,09;1256,64
188695N;200200;MINTONS OLD WHITE 20X20;MINTONS;PICCOLA;m2;M926;17;25;1632;96;0,68;65,28;14,03;1346,88
188697N;200200;HARRIET 20X20;MINTONS;PICCOLA;m2;M926;17;25;1632;96;0,68;65,28;14,03;1346,88
188698N;200200;CATALINA 20X20;MINTONS;PICCOLA;m2;M926;17;25;1632;96;0,68;65,28;14,03;1346,88
188699N;200200;LANCELOT 20X20;MINTONS;PICCOLA;m2;M926;17;25;1632;96;0,68;65,28;14,03;1346,88
188700N;200200;BUCKINGHAM 20X20;MINTONS;PICCOLA;m2;M926;17;25;1632;96;0,68;65,28;14,03;1346,88
188701N;200200;BELLAMIRA 20X20;MINTONS;PICCOLA;m2;M926;17;25;1632;96;0,68;65,28;14,03;1346,88
188702N;200200;VICTORIAN 20X20;MINTONS;PICCOLA;m2;M926;17;25;1632;96;0,68;65,28;14,03;1346,88
188703N;200200;BALMORAL 20X20;MINTONS;PICCOLA;m2;M926;17;25;1632;96;0,68;65,28;14,03;1346,88
188757N;70280;AGADIR NOCHE 7X28;AGADIR;PICCOLA;m2;M926;45;51,0204;3240;72;0,882;63,504;16,65;1198,8
188758N;70280;AGADIR LAVA 7X28;AGADIR;PICCOLA;m2;M926;45;51,0204;3240;72;0,882;63,504;16,65;1198,8
188759N;70280;AGADIR ARENA 7X28;AGADIR;PICCOLA;m2;M926;45;51,0204;3240;72;0,882;63,504;16,65;1198,8
188760N;70280;AGADIR AMARANTO 7X28;AGADIR;PICCOLA;m2;M926;45;51,0204;3240;72;0,882;63,504;16,65;1198,8
188830N;70280;PIETRASANTA IVORY 7X28;PIETRASANTA;CEMENT&STONE;m2;M926;45;51,0204;3240;72;0,882;63,504;16,65;1198,8
188831N;70280;PIETRASANTA LIGHT GREY 7X28;PIETRASANTA;CEMENT&STONE;m2;M926;45;51,0204;3240;72;0,882;63,504;16,65;1198,8
188908N;6001200;ZEMENT WHITE 60X120;ZEMENT;CEMENT&STONE;m2;M878;2;1,3889;66;33;1,4399;47,5199;28,4;937,2
188909N;6001200;ZEMENT GREY 60X120;ZEMENT;CEMENT&STONE;m2;M878;2;1,3889;66;33;1,4399;47,5199;28,4;937,2
188910N;6001200;ZEMENT IVORY 60X120;ZEMENT;CEMENT&STONE;m2;M878;2;1,3889;66;33;1,4399;47,5199;28,4;937,2
188911N;115231;KIT-KAT MOSAIC WHITE MATT 11,5X23,1;KIT-KAT;PICCOLA;m2;M950;26;37,6435;2496;96;0,6906;66,3062;11,86;1138,56
188912N;115231;KIT-KAT MOSAIC GREY MATT 11,5X23,1;KIT-KAT;PICCOLA;m2;M950;26;37,6435;2496;96;0,6906;66,3062;11,86;1138,56
188913N;115231;KIT-KAT MOSAIC SKY MATT 11,5X23,1;KIT-KAT;PICCOLA;m2;M950;26;37,6435;2496;96;0,6906;66,3062;11,86;1138,56
188914N;115231;KIT-KAT MOSAIC ANISE GREEN MATT 11,5X23,1;KIT-KAT;PICCOLA;m2;M950;26;37,6435;2496;96;0,6906;66,3062;11,86;1138,56
188915N;115231;KIT-KAT MOSAIC LILAC MATT 11,5X23,1;KIT-KAT;PICCOLA;m2;M950;26;37,6435;2496;96;0,6906;66,3062;11,86;1138,56
189059N;70280;ARDESIA MULTICOLORE 7X28;ARDESIA;CEMENT&STONE;m2;M942;45;51,0204;3240;72;0,882;63,504;15,98;1150,56
189060N;70280;ARDESIA CHIARA 7X28;ARDESIA;CEMENT&STONE;m2;M942;45;51,0204;3240;72;0,882;63,504;15,98;1150,56
189227N;150150;OLIVIA VERDE 15X15;TABARCA;PICCOLA;m2;M926;30;44,44;2700;90;0,675;60,756;10,26;923,4
189228N;150150;OLIVIA AZUL 15X15;TABARCA;PICCOLA;m2;M926;30;44,44;2700;90;0,675;60,756;10,17;915,3
226654N;75150;ATELIER WHITE GLOSSY 7.5X15;ATELIER;PICCOLA;m2;M874;48;88,8889;5760;120;0,5399;64,7999;8,64;1036,8
226656N;75150;ATELIER WHITE MATT 7.5X15;ATELIER;PICCOLA;m2;M874;48;88,8889;5760;120;0,5399;64,7999;8,64;1036,8
226779N;75150;ATELIER FRENCH BLUE GLOSSY 7.5X15;ATELIER;PICCOLA;m2;M874;48;88,8889;5760;120;0,5399;64,7999;9,12;1094,4
E230873;100200;METRO WHITE GLOSSY 20 10.0X20.0;METRO;PICCOLA;m2;M874;40;50;3840;96;0,8;76,8;10,4;998,4
E230875;100200;METRO WHITE MATT 20 10.0X20.0;METRO;PICCOLA;m2;M874;40;50;3840;96;0,8;76,8;10,4;998,4
E230879;75150;METRO WHITE GLOSSY 15 07.5X15.0;METRO;PICCOLA;m2;M874;90;88,89;6750;75;1,0124;75,9365;12,6;945
